sn,z,dz,mbstar,dmbstar,x1,dx1,c,dc,chisq,dof
ZTF18aaermez,0.0227125593024314,0.0,18.9312709682699,0.0810355835738719,0.642317281713681,0.372518109317656,1.24216860213475,0.0605572064457372,120.0,120
ZTF18aaizerg,0.0684597622055123,0.0,18.544905648226,0.019323650327863,-0.859380353387432,0.138042981905748,0.0828610792470629,0.0140394401412864,590.0,590
ZTF18aajivpr,0.0514498693613242,0.0,18.7442241758218,0.0260134700778808,-0.867845080865199,0.11584423865011,0.327800912198336,0.0182883313445501,148.0,148
ZTF18aangpkx,0.0699955290151989,0.0,18.4054791964867,0.0180528031989897,-1.77390462889779,0.143685903402374,0.0663353612732931,0.0155407800117768,472.0,472
ZTF18aaoufjt,0.0298286782779004,0.0,18.9434391846378,0.032621652792666,1.06421184303747,0.310939386990709,0.649958108336377,0.0245229623384049,226.0,226
ZTF18aaqskoy,0.0860841968741968,0.0,18.3758219432581,0.0142808955502467,0.507417650450849,0.140955478244079,-0.0705417343028965,0.0139508731693206,413.0,413
ZTF18aaqydat,0.0497701767550188,0.0,18.4070964931924,0.0402749820418136,-1.01973465875556,0.265638370447235,0.284385957552871,0.0288748985123822,153.0,153
ZTF18aarwxum,0.0845863855662674,0.0,18.8537830364309,0.0103818242275961,0.773387578783082,0.110171076690162,-0.002145826185776,0.0100095634780506,894.0,894
ZTF18aatezaj,0.0342071409695119,0.0,18.6606765252183,0.0299027166455326,-0.109253292736367,0.165188179997193,0.720925439480279,0.0212420597081893,249.0,249
ZTF18aatjfoe,0.0801489115840979,0.0,18.3137797190023,0.0145038039885194,0.17921962036488,0.122499103402351,-0.0640342348495767,0.0127496714766054,268.0,268
ZTF18aatrkga,0.0276322790918274,0.0,17.0788193863628,0.0230293832978719,0.205194014725494,0.15230604535393,0.237872837627207,0.0177124930951885,89.0,89
ZTF18aaunfqq,0.0710743072836472,0.0,18.5923384042995,0.0155604812898354,-1.11393362376238,0.0981749084832759,0.0339169113256078,0.0111853322273847,431.0,431
ZTF18aavvnzu,0.0501736187630478,0.0,17.3415539409395,0.023867957163555,1.24930915664499,0.19969120757246,-0.0281267956925369,0.0195790743011455,123.0,123
ZTF18aaxdrjn,0.0339240141899422,0.0,16.976437078277,0.0113108054923705,-2.15755622317799,0.0770531733876673,-0.0548646924444077,0.00935293558065917,135.0,135
ZTF18aaxkjmm,0.0714071877852748,0.0,18.4265719773486,0.00768337845737249,0.864112971276759,0.103769282645886,0.115374917037999,0.0067433373158201,338.0,338
ZTF18aaxvpsw,0.0915960368536013,0.0,18.7135247392731,0.00851900078298566,0.0372145252729576,0.0987638827699665,-0.0765523558074426,0.00847072805302309,319.0,319
ZTF18aaybfsd,0.0401747860815254,0.0,17.1021110105736,0.0391631986561669,0.423581284219234,0.348542800277853,0.0557900544883448,0.0332206640601241,241.0,241
ZTF18aaydmkh,0.0843502381540123,0.0,19.0834840184768,0.0390811019381683,-0.924993490407656,0.449190130318248,-0.0796276622068348,0.037651287486463,486.0,486
ZTF18aayjvve,0.0473073448666682,0.0,17.6657601396684,0.0134946263434217,-0.184446176545255,0.095548073235781,0.0588417126420897,0.0101759646691871,201.0,201
ZTF18abaxlpi,0.0645757290551423,0.0,18.3930439316907,0.0134019802082531,-0.0723488321717552,0.120583525442422,0.0335677685399569,0.0111352626450635,570.0,570
ZTF18abckujg,0.0735970033066499,0.0,18.5153275768557,0.00842597148850087,0.0832727843765154,0.113778054448568,0.0157853633827774,0.00798469643688253,236.0,236
ZTF18abcsgvj,0.0612006803586795,0.0,18.395959938342,0.0118277822488867,-2.03144363774238,0.096072135598667,0.014852396799284,0.010959155444197,520.0,520
ZTF18abcyilc,0.061147085080249,0.0,19.5722337560479,0.142626124909377,-0.590480858450125,1.27251403994686,0.501304988974145,0.103068728796135,17.0,17
ZTF18abcysdx,0.0711593790034103,0.0,18.9626472213662,0.0155153635188003,-0.0305396894940662,0.161915969018025,0.100712415413579,0.0121088169199496,771.0,771
ZTF18abdefet,0.0768747782176253,0.0,19.0006197781266,0.0179310540525625,0.144241027233613,0.190603440455664,0.181775028839124,0.0152179295239976,456.0,456
ZTF18abdfazk,0.0795884187228738,0.0,18.6782187240913,0.0103671374704234,-0.0448988309704733,0.141811300257839,-0.0461527915148683,0.0101569713880471,138.0,138
ZTF18abetehf,0.0649690037030866,0.0,18.0919173992616,0.0122769309552756,-1.61513666051725,0.0950419507047499,-0.113689338812954,0.0114910641458785,186.0,186
ZTF18abetejo,0.0633297497713764,0.0,18.4663406291363,0.0513777320810385,-2.73615224025617,0.38742947491437,-0.275191632733297,0.0573308333654027,53.0,53
ZTF18abfeyey,0.0812751667655051,0.0,18.5945419898242,0.0114005639055013,-0.632095727708147,0.0871634488281121,-0.0775965224140372,0.00960897644971636,382.0,382
ZTF18abfgygp,0.0672127035438301,0.0,18.0723157101178,0.00732181302152628,-0.253299278884863,0.0704832460109439,-0.0701831848064581,0.00708774495057981,933.537,848
ZTF18abfwuwn,0.0977191889884448,0.0,18.8559298566701,0.0112966007392526,0.225489192400381,0.107024991933843,-0.0626691445912048,0.0101997522117723,409.0,409
ZTF18abifioh,0.103328608436928,0.0,18.9649193155486,0.0605802672968167,-0.719989336163282,0.816448069808286,-0.0129676789882554,0.0634596971791508,80.0,80
ZTF18abjstcm,0.0786654773603669,0.0,18.9962263057176,0.0411146587984225,-0.525036354237369,0.200122127588972,0.317506566192261,0.0293714098538479,397.0,397
ZTF18abjvhec,0.056906884799491,0.0,17.5716322544525,0.00992064117863506,0.361924078573537,0.121305136025785,-0.0263315631646447,0.00816712474881845,62.0,62
ZTF18abkhcwl,0.0316330649011483,0.0,16.4274513114216,0.00708827871321625,0.118243695318264,0.0504092377486345,-0.0802700263903884,0.00519080964262469,139.0,139
ZTF18abkudjo,0.0919889384734298,0.0,18.9583413089215,0.0269719161865904,0.903938974626717,0.309437239177164,0.0186165684391237,0.021348742598398,62.0,62
ZTF18ablongw,0.0818319869615055,0.0,19.0832188012826,0.0244589655661952,-0.323584739588635,0.144860886295552,0.0344087598490198,0.0180797787576241,325.0,325
ZTF18ablqlzp,0.0416004023237614,0.0,17.4613168895998,0.0122774663864429,0.454345452462641,0.13525887047897,0.0940404081344417,0.00941411911681422,85.0,85
ZTF18ablrljh,0.0939819390156131,0.0,18.9389900735706,0.0192848371346982,-0.389734117332401,0.147493270463788,-0.0106347565421517,0.0156558171292446,245.0,245
ZTF18abmjvpb,0.066049535472766,0.0,18.2206481365897,0.0366316285016658,-0.621038624519062,0.249853622655864,-0.0448960891212776,0.0278630244937619,7.54622,17
ZTF18abmmdif,0.0763127395503839,0.0,18.4234788890251,0.0110061969698775,1.01959404994202,0.102694437793318,0.0047565560626357,0.00824424809184129,341.0,341
ZTF18abmxahs,0.0148264752413109,0.0,14.989040158317,0.0109902522423451,-0.225770040754394,0.0770344769886294,-0.0249857416200862,0.00812925292988263,28.0001,28
ZTF18abobkii,0.0597187209230007,0.0,18.9620948451832,0.0154718784586535,1.29491815867715,0.141474189260525,0.498888127346551,0.0109491286850508,144.0,144
ZTF18abpaywm,0.0437643211131778,0.0,17.8339134327135,0.00643741464599498,0.489626721612948,0.0753956747799132,0.218296203736565,0.00533001522182535,649.0,649
ZTF18abqlpgq,0.0953306614322067,0.0,18.8250633043222,0.0190367132247933,0.22626596472473,0.255364625696941,-0.0732340140928822,0.0166848788009906,87.0,87
ZTF18abqyaix,0.0582053562272341,0.0,17.9046426024256,0.0241793669567095,-0.362489496075726,0.274496935108767,-0.0119777563589792,0.027701842553162,231.0,231
ZTF18abrfccm,0.0943887270052834,0.0,18.8038223387192,0.0294628163625398,-0.940072711245304,0.311907466291443,-0.0168414864253777,0.0278744164842336,192.0,192
ZTF18abrzeym,0.0564456630078603,0.0,18.5715100627798,0.00738082045886985,0.2469852002975,0.101130782369537,0.183028382941929,0.0064886328578264,400.0,400
ZTF18abwkzuc,0.0702142170345368,0.0,18.4715662190654,0.029572013175707,-1.33472629710757,0.247671284849944,0.0248450559119436,0.0271285965783035,148.0,148
ZTF18abxhsyn,0.0377995239294839,0.0,16.5192634098956,0.0415786984431908,-0.156831854151451,0.319799529067866,-0.208435187676564,0.040492990158245,141.0,141
ZTF18acbxmvy,0.0564707375140659,0.0,17.9593655883164,0.0131184766013126,-0.288633794639233,0.206817419167695,0.000295093742360705,0.0133172451464328,96.0,96
ZTF18aceyjco,0.0820118064730389,0.0,18.6657307982249,0.0233947507479356,-0.195179811289481,0.24149284952777,-0.0468050569207963,0.0237193485595735,173.0,173
ZTF18acmyxfx,0.0620181331093024,0.0,18.7738669754172,0.076709420617172,1.15851096633622,0.459512566855655,0.248094497541777,0.0552977611656726,55.0,55
ZTF18acnbenl,0.0642533257641386,0.0,18.2333131071729,0.024036411823843,-0.28031882233691,0.154315870012371,-0.0309089896296735,0.0185568777548586,150.0,150
ZTF18acpuxuh,0.0965041626937194,0.0,18.6810177174668,0.0732671207698453,0.392437244581524,0.461089019377914,-0.0829774351507385,0.0609866061339507,43.0004,43
ZTF18acqqyah,0.0174260590828153,0.0,15.2943616629875,0.0304527930580203,-0.357744152218336,0.192806916918657,-0.0591391625180501,0.0253105358584196,121.0,121
ZTF18acqsztr,0.0835537083761051,0.0,18.4947138180299,0.0179349821755251,0.480828066146189,0.251332580930371,-0.0598817219895086,0.0200446186035526,92.0,92
ZTF18acrxppd,0.0367987345251916,0.0,16.8759307992759,0.0148200294422545,0.21485291409728,0.143102823264668,-0.0211274231138998,0.0144906674576465,110.0,110
ZTF18acsohut,0.100340585743801,0.0,18.8177184809077,0.0475541414895047,-0.802946386886641,0.400050199735762,-0.12558435372377,0.0459207737943769,108.0,108
ZTF18acspjqd,0.0711834326961434,0.0,18.6989899379583,0.0975540665864095,1.9565486433026,0.998600250637825,0.325737145958903,0.0787475539193839,51.0,51
ZTF18acsxpmp,0.0710306569360044,0.0,18.4528460206242,0.0373027454321656,-0.0133093542219645,0.288630093514921,0.0059628090339727,0.0272820088851098,65.0,65
ZTF18acusbyf,0.0208497797218046,0.0,16.4002153811013,0.0486792851846603,-1.7928162887663,0.197513067830636,0.138222227244435,0.0349443789691269,72.0,72
ZTF18acusrws,0.0371253910264252,0.0,16.8209219500864,0.0295650718696545,0.360034947736521,0.196624884801474,-0.0678310664001272,0.0217192650806307,122.0,122
ZTF18acwwowy,0.0550724325384358,0.0,17.6070134199232,0.0244183123721495,0.339755252682497,0.21809130379387,-0.0395725026023424,0.01928618257362,186.0,186
ZTF18acxyarg,0.0408278443318453,0.0,17.3204689366121,0.0394635671327185,-0.41048955839565,0.306788653062003,0.0176529586985649,0.0316386284002218,86.0,86
ZTF18acybdar,0.0643620085774592,0.0,17.9302068835797,0.0175953956318797,1.02439230398617,0.213841415331084,-0.0399288614418015,0.0162890176434065,190.0,190
ZTF18acynmcp,0.0685675411562089,0.0,18.1028230014972,0.0699157574944907,-3.05456394824446,0.780769926734378,-0.164261130784686,0.0625492597851426,41.0,41
ZTF19aaarhtg,0.0276643791543036,0.0,18.7115033238156,0.0520160250744692,-3.11863423131767,0.22559118866143,0.552874478596239,0.0356968763658292,223.0,223
ZTF19aabvfwn,0.0409259476875911,0.0,17.4782879728006,0.0349532133083697,-1.62320654531968,0.320967107029729,-0.0303190431690281,0.029776226096057,48.0,48
ZTF19aacijie,0.0615859368350546,0.0,18.2493398902676,0.0174274662110253,-1.67386328387888,0.131116533102032,-0.0675841433931693,0.0125170353662261,350.0,350
ZTF19aacivvy,0.0331993940445149,0.0,16.4523161451292,0.0650832229801938,0.922191613478594,0.591258840534862,-0.153583510324279,0.0493562349659841,79.0001,79
ZTF19aaekvhn,0.0615510563338644,0.0,18.1052674725674,0.0408868474126438,-0.519615317581837,0.242937253859119,-0.0614023061650831,0.0320832692919765,123.003,123
ZTF19aaeopqn,0.0380536979979772,0.0,19.2271110007043,0.153488732878348,-3.79888052997658,0.838037993447777,0.525986985392785,0.119226161077969,182.0,182
ZTF19aaeoqkk,0.0693096396819212,0.0,18.3578068267187,0.045952129405605,0.22911846926399,0.344908440632328,0.0630262482298044,0.0377073454907611,450.011,450
ZTF19aafmfxg,0.0479885290747008,0.0,16.9632458328082,0.0563599263943297,0.529348443009579,0.661890883900677,0.0126285537433553,0.0793805709349573,46.0,46
ZTF19aafmhcl,0.0693520069354792,0.0,17.8058197491987,0.154845686858482,0.86565883749952,0.650253072499781,-0.0995648271176004,0.116823684014523,96.0,96
ZTF19aafwrhf,0.052752096704711,0.0,18.0380495768955,0.0818486553435653,-3.26087437569158,0.221483368242757,0.174221907124076,0.0572339773838985,314.0,314
ZTF19aagmsrr,0.0232130690839247,0.0,15.8237914722409,0.0762617385027701,0.316903827491674,0.607154518608676,-0.0180468795397875,0.0693420624127226,80.0,80
ZTF19aailqli,0.0562151164921979,0.0,17.8311661224434,0.0286539445871366,0.70382052657661,0.223086421387626,0.0250547419289655,0.0227005976019357,305.007,305
ZTF19aailteb,0.0772784267226005,0.0,18.3448104563886,0.0601658553723716,1.1064325078766,0.542766542593878,-0.0695472607805851,0.0478351648445907,245.002,245
ZTF19aajwhbc,0.0994683046074518,0.0,18.9740280910007,0.0182683278485114,0.322212609120285,0.173316864991966,-0.0459836846329853,0.0169744465726555,337.0,337
ZTF19aakiyly,0.0661849864212776,0.0,18.0280918903248,0.0677853474715394,0.679720853098066,0.416364946815886,-0.0816719673199648,0.0509411487806624,77.0,77
ZTF19aaldqvh,0.0993966687901922,0.0,18.9124745402417,0.043943469164878,0.178660676349674,0.410864461557826,0.0910930610724205,0.0374763016161623,149.0,149
ZTF19aalveag,0.0507847292856897,0.0,18.0932275707054,0.0266861267799669,-1.38078324638697,0.145503339054839,-0.0139464574103168,0.0214879226930908,129.0,129
ZTF19aalzmmt,0.0632926641804842,0.0,17.8877776123532,0.110327829139846,1.56744699942351,0.722058559106363,-0.0149256705344286,0.0762218831998296,76.0,76
ZTF19aamfxby,0.0756540903153166,0.0,18.1949048115547,0.0139464680392681,1.24287812415535,0.12331963449365,0.0838883821085343,0.0119601780287308,155.0,155
ZTF19aamhhyo,0.0782497127090156,0.0,18.6800324753689,0.028579869753852,-0.233106013622029,0.214526255959847,-0.0230369778330923,0.0226295786775663,142.0,142
ZTF19aamkywr,0.0308595991827513,0.0,16.593364439143,0.0553726989437153,-1.63287411018966,0.407289594134082,-0.414477957283588,0.0564694168083168,88.0,88
ZTF19aammewd,0.0581482767806029,0.0,17.8264030831964,0.0506525298055633,-1.30516577698394,0.239407592679724,-0.1432384040681,0.0377734182219715,28.0001,28
ZTF19aamooex,0.083186494279654,0.0,18.8246793361829,0.0150273427989745,0.443623997882547,0.140078694793095,0.0642345712249365,0.0135214503071736,279.0,279
ZTF19aanejfr,0.0429342117530389,0.0,17.0729189030364,0.0115555889033558,0.75217131089225,0.123995181128491,-0.0195667147320887,0.0106501166519353,52.0,52
ZTF19aanesxt,0.0463640566016695,0.0,17.4621149618957,0.0164507869018668,0.453707378460865,0.167766567168294,-0.0653639617073915,0.0167673375836002,101.0,101
ZTF19aanhgqg,0.027869814662218,0.0,17.2154687490649,0.0398308193576668,-2.44985064439633,0.221815594057191,0.125098566905557,0.0319404946151178,91.0001,91
ZTF19aanmclt,0.0458167585453295,0.0,19.5196930776944,0.102812243926967,-3.01935661183133,0.483421817026119,0.563605994649735,0.071073326251724,70.0001,70
ZTF19aanuipr,0.0703393977244499,0.0,18.652416120471,0.0348183861046554,0.315265405484168,0.227959410590819,0.105696590475397,0.0267499058992166,294.802,289
ZTF19aanuuen,0.0700753399520255,0.0,18.3160762212978,0.0355892516714624,0.478838781054465,0.316156546757656,-0.013892125787892,0.032652606689123,98.0,98
ZTF19aanxrkt,0.0869371250329342,0.0,18.9385613026208,0.0649664550081847,0.792215759584594,0.52622014504421,0.0372064397783296,0.0530380755092032,53.0,53
ZTF19aaobwpx,0.0526175270324731,0.0,17.7255206204853,0.0137906493128614,-0.263324439720009,0.127465323936795,-0.0497272111455599,0.0117399304535312,306.0,306
ZTF19aaojnrx,0.050815620696469,0.0,18.2615393012534,0.0595989904917129,-2.86795329118571,0.293862157507661,0.0369575970276046,0.0456751940535729,43.0,43
ZTF19aaomkvl,0.0394133069706331,0.0,17.9880078974617,0.0529075393549997,0.750494414504018,0.386085970504874,0.30837388637064,0.0349360849104815,82.0,82
ZTF19aapcvdi,0.0766763976616178,0.0,18.577572256733,0.0798494128173112,0.733392203778756,0.793743210609355,-0.0587847586741563,0.0627262902735177,18.0,18
ZTF19aapcvxi,0.063374989603913,0.0,18.2495405742654,0.110314294310053,-1.22911626586045,1.05654008870662,-0.113129001715086,0.0820410388004417,14.0001,14
ZTF19aaphntn,0.0917570948137914,0.0,18.7709845268448,0.0125818886195438,0.761578261930875,0.138616446026654,-0.0239788765567697,0.011626221304667,233.0,233
ZTF19aapnzde,0.0708704486331666,0.0,18.3308147532074,0.0117992857699953,0.256655012755313,0.110290486705298,-0.0766257807355079,0.0114867093674816,299.0,299
ZTF19aaptwpu,0.0692099389826082,0.0,18.030031551775,0.0116800950226658,0.405423865669462,0.14323522591587,-0.065335195899001,0.0119193704877941,71.0,71
ZTF19aapvhhp,0.0837262847731077,0.0,18.5921900106576,0.0149640648285254,1.48544153208166,0.195407273532729,-0.00913245927686487,0.0171525851665162,139.0,139
ZTF19aaqtcmy,0.063749671986578,0.0,18.3324324175261,0.0181725219169827,-1.30046734163963,0.12980064845726,0.000225573019598829,0.0157567350367681,326.0,326
ZTF19aardunx,0.0429569489615286,0.0,17.8680246118661,0.0375291954940044,-0.124516037126885,0.260198044954051,0.205757649978754,0.0312549862146868,72.0,72
ZTF19aarfnto,0.0852523057832237,0.0,18.9117179231544,0.0216993063327903,-1.84017206019689,0.299769123118653,-0.0400416418900914,0.0285986331759906,66.0,66
ZTF19aarmtgu,0.0419054215011577,0.0,17.1433782758011,0.029481069280581,-0.357486550496305,0.27586781780329,0.053013446078032,0.0240960519516267,180.0,180
ZTF19aarprog,0.0541000780655697,0.0,17.3692878083707,0.0541411694934399,0.402600485851956,0.265888636494242,0.0600919883758762,0.0377239919777277,96.0,96
ZTF19aatgwhs,0.0405349203716473,0.0,16.9789751657741,0.0124931445870429,-0.607867535510089,0.0627718296459422,-0.0713951150457547,0.00937289851044643,712.0,712
ZTF19aatgznl,0.0669812437429647,0.0,18.305686278582,0.0101906380265435,-0.401382338960964,0.069241367962823,0.000147893956106859,0.00840796574640252,189.0,189
ZTF19aathcvn,0.0458358169387784,0.0,17.0906978854919,0.0360428213049537,1.46445214724047,0.235393349131874,-0.109445571191244,0.0224636433746662,220.0,220
ZTF19aatlmbo,0.00858243645396329,0.0,14.0095090570734,0.0239941911115601,-1.71629099671447,0.0794372808899334,0.00208710657090081,0.0178165926353766,169.0,169
ZTF19aauhhjy,0.0682102282011414,0.0,18.6274971720826,0.048543831541926,1.32439702164296,0.452706643974312,0.188397825003862,0.0284606763438428,35.0,35
ZTF19aauhwbp,0.039501415929922,0.0,19.0342132551341,0.0861467589949487,-0.892524480270708,0.404978915952688,0.704641369009256,0.0524696402524894,75.0,75
ZTF19aauitks,0.0976221492565098,0.0,18.9495315512084,0.0229469264206276,0.700241064506535,0.194441480891684,-0.0821890143076165,0.0157507720111001,81.0,81
ZTF19aauplxw,0.087,0.0,18.3716083030682,0.0994351953387222,-4.32199532144675,0.423189584504251,-0.389539300156368,0.0831910812948289,105.0,105
ZTF19aaurstb,0.0506292141850176,0.0,17.4674854859752,0.0433287031477547,-3.12201357758905,0.1322490728437,-0.150319176398216,0.0309943691021428,390.0,390
ZTF19aauvjws,0.0935399866493788,0.0,18.460181324728,0.018434503079842,0.790969879887358,0.249134655076965,0.0154463319311224,0.0155284411328423,66.0,66
ZTF19aavhxby,0.0230358070241367,0.0,16.0341340251916,0.0155289496374679,-0.156551446096491,0.0897729084970278,0.028707429218265,0.0111114871369219,157.0,157
ZTF19aavmlqh,0.0871933240401074,0.0,18.6254288028851,0.0335409973032424,0.741668876887872,0.428202604194904,-0.0411165672165562,0.0319403784343928,44.0,44
ZTF19aavnxwj,0.0755090968267988,0.0,18.4815509156338,0.0178051898950624,0.391197405555156,0.188759241171714,-0.016332387380573,0.0144618029873435,65.0,65
ZTF19aavounq,0.0763418487868458,0.0,18.3162958445076,0.0189174485534671,0.0357503066910206,0.175872114655625,-0.0873393438058706,0.0162700902364711,57.0,57
ZTF19aavsahh,0.063184185169304,0.0,18.0499124564008,0.0309925779690093,-0.596634222840886,0.307130592662829,-0.108213332775047,0.0303050602470668,50.0001,50
ZTF19aawafvn,0.0711314074239295,0.0,18.1546680602444,0.0139044477044589,0.58766816363169,0.141432848067267,-0.0328670385850771,0.0112633100809795,151.0,151
ZTF19aawhniz,0.0713511126994082,0.0,18.9306743887339,0.0182682288143786,-2.73282567692378,0.147573017905285,0.0707748903805578,0.0139894503300928,140.0,140
ZTF19aawmqtd,0.0563115782533747,0.0,17.824135849392,0.0140385590652598,1.45858736380162,0.114418721988892,0.0182324741021493,0.0107313689394566,329.0,329
ZTF19aawnqoj,0.0648050498334034,0.0,18.0020274821466,0.0526204929061801,0.541306386421707,0.498891253321112,-0.0442086568175063,0.039670752493942,48.0,48
ZTF19aawqckx,0.0349211214476731,0.0,16.9716627952322,0.0339505512431211,-1.49878158297133,0.14899441428371,-0.0334619089767563,0.0244798743527518,307.0,307
ZTF19aawrumx,0.0689007543402071,0.0,18.1492971098811,0.0338588245238322,0.114612153663438,0.249883289027376,-0.0624367129395255,0.0271731650848545,158.0,158
ZTF19aawyepw,0.0601772592478844,0.0,19.4386287506231,0.0193051986342918,-0.261438288339094,0.15680377458039,0.481155470530932,0.0142640359173036,270.0,270
ZTF19aaxffum,0.0550036971468188,0.0,17.6692971581793,0.026716384354334,0.949314626161827,0.21809671852038,0.0942801716364447,0.0200990662245116,107.0,107
ZTF19aaycomi,0.0358374355682237,0.0,16.9149329596733,0.0257605467862916,-1.00704611471604,0.150440997023083,0.0286297153357124,0.0205968357727985,222.0,222
ZTF19aayslow,0.061059739359668,0.0,17.9636364815512,0.0254234564047921,1.15024791667106,0.27829737615829,0.0232642867155441,0.0213484132925608,46.0,46
ZTF19aazgdss,0.07729,0.0,18.3803570728717,0.319090781503448,-1.24705210452774,0.214063805288006,-0.168342392123286,0.227778501632785,26.0,26
ZTF19aaziick,0.076333658539819,0.0,18.504579574737,0.0154993042059753,-0.504089287066755,0.1343395457017,-0.0690526066604868,0.0143451753283303,234.0,234
ZTF19aazlsfj,0.0715016366583206,0.0,18.3973478856103,0.0455637498566486,-0.806778582135225,0.327571721519339,0.0327655303810993,0.039436422243129,42.0,42
ZTF19aazxcvl,0.0656489844012637,0.0,18.541425716588,0.00915421837939249,1.83926163095515,0.158123090463516,0.0968508921072278,0.00935770870888533,106.0,106
ZTF19abafrvy,0.0786526201691081,0.0,18.8526350923576,0.0235326160679482,0.0377918533652974,0.316775637933552,0.019429182566333,0.0238864691799886,27.2798,33
ZTF20abapyxl,0.0835616319154825,0.0,18.9112524583798,0.0353484743840455,-0.650434328071076,0.297109576988311,0.0782278979258612,0.0308880483548677,139.0,139
ZTF20abcgjvq,0.0560167840602291,0.0,17.3211506879561,0.0728637988998011,0.364645653107873,0.449177246764309,0.045141158887512,0.0498863718897564,58.0001,58
ZTF20abegate,0.0525816757193996,0.0,17.7542616115506,0.0125064382603217,-0.0999062468091216,0.136675563418296,-0.0261551382096261,0.0103591966977556,240.0,240
ZTF20abeljuj,0.0484783426291199,0.0,17.1859857027748,0.0111778099151193,0.812989598277576,0.116129853156434,-0.0642905875154989,0.00999341142839172,200.0,200
ZTF20abfhway,0.0469195537808687,0.0,18.5385716279852,0.0367009441399057,-2.57761939940274,0.241222650271773,0.248202441678539,0.0298568848877703,63.0,63
ZTF20abgdtmv,0.0759184144407788,0.0,18.6173712168563,0.0354172776070932,-1.50820086995139,0.227516780444282,-0.0524882011321239,0.0306650277536799,136.0,136
ZTF20abgfvav,0.0861357183930327,0.0,19.0836798691644,0.0194951295723702,-0.140706534767918,0.141238499986766,0.0107114479309287,0.0152477209033922,132.0,132
ZTF20abguygh,0.0953068831238305,0.0,19.0335400617231,0.0164314586315508,-1.43552018596041,0.0996804402730527,0.0246960470704341,0.0122631195769963,461.0,461
ZTF20abhmnom,0.073538685910004,0.0,18.0019116400936,0.0227696523359999,0.779596283617895,0.157647346564519,-0.0921695147346215,0.0168543542639402,343.0,343
ZTF20abixkhh,0.0446150063656563,0.0,18.5927201425009,0.0205550249572277,0.288175700767974,0.151237770622449,0.401513188510594,0.0149681232583403,146.0,146
ZTF20abjbiqf,0.0523309268703875,0.0,18.0257563236234,0.0208804905679265,-1.19822071323485,0.159274771738032,0.233843946803337,0.0147505899530569,206.0,206
ZTF20abjwuuv,0.0618592484266934,0.0,18.2906936440418,0.0281090263682205,-0.0310135572337991,0.319276508354866,0.0532855757679382,0.0266165085129716,76.0,76
ZTF20abjxwga,0.0643934951208366,0.0,17.8752611881461,0.0214257985423924,0.619755510531843,0.237021673394489,-0.0505058748229678,0.0184291922862091,168.0,168
ZTF20abkcril,0.0516001487198655,0.0,18.0608747359047,0.0183849624567451,-0.605225483055059,0.136719639742073,0.0680180274340664,0.0141570084522851,211.0,211
ZTF20abkzhpk,0.0641146056325559,0.0,18.6456080810439,0.0152999973871049,1.31206317006367,0.135500210391771,0.165031477415792,0.011317207963383,527.0,527
ZTF20ablnjvp,0.0536709817210316,0.0,17.8098321366057,0.0221424471997681,0.768608355219102,0.220194573242299,0.0791239369297076,0.0175169097488917,114.0,114
ZTF20abmcwtd,0.07759968315297,0.0,18.8142200546916,0.0572674709433133,1.47945664790088,0.654686871248385,0.141038178375262,0.0487473041617494,120.0,120
ZTF20abnmahn,0.0795040701191273,0.0,18.6963453347133,0.0125294656977951,-1.24891973414701,0.114459331782484,-0.00912590863295621,0.0123932708622441,289.0,289
ZTF20abowpvf,0.0837328365689961,0.0,18.4069446101906,0.0675191666743494,1.66523988804929,0.602030218899327,-0.0962890909634467,0.0638037766260699,45.0,45
ZTF20abpqdgh,0.0765156183110428,0.0,18.0278736514698,0.00808134156656661,1.22847396921014,0.111803237729654,-0.123620493876951,0.00796096244633523,215.0,215
ZTF20abqefja,0.080225450182137,0.0,18.5696644698554,0.0243061119854634,0.271114830137296,0.312451026597743,-0.00436362911968183,0.0234180878214071,207.0,207
ZTF20abqlawg,0.0710802715635332,0.0,18.5218767786126,0.0149905252381043,-0.74754393425834,0.229390546544018,0.0316844538652778,0.0180472431177992,201.0,201
ZTF20absfrbq,0.0613766425249627,0.0,18.0331544128967,0.0632180389628135,-4.29287602629787,0.503417998246818,-0.145235545354859,0.0758622626020326,97.0,97
ZTF20absvtnc,0.032931360610365,0.0,16.6960935154137,0.0130997944602755,1.04834616423514,0.108183605845451,0.0236549436941807,0.0106715786570314,166.0,166
ZTF20abswjae,0.07427,0.0,19.1919914533483,0.0157963371358862,-3.26284952204742,0.150941369818829,0.179083712826851,0.0146661952473421,300.0,300
ZTF20abtfnpl,0.0700618026259359,0.0,18.6539311997291,0.016934574407296,-0.261411615114422,0.17839881351712,0.034315840723476,0.0150175095189041,243.0,243
ZTF20abvykmy,0.0457681572274153,0.0,17.3386768659539,0.0319182126803039,0.173863166569555,0.321180225826191,-0.00949883193024693,0.0317867982919459,158.0,158
ZTF20abweedo,0.0389896041786196,0.0,17.7174888463528,0.0159658847350414,-0.235479073353465,0.0787436372365308,0.130072274233205,0.0107930963276681,591.0,591
ZTF20abwktfx,0.0274293032801043,0.0,16.1766371053713,0.0344552239434798,0.271636835240584,0.219391918158568,0.0594691671891152,0.0261025656288724,75.0001,75
ZTF20abxezim,0.0767704903863575,0.0,18.3792061688825,0.0284065421971095,-0.790026653818782,0.1371581835016,-0.0702711979669381,0.0205264447848449,152.0,152
ZTF20abxgwjr,0.0395029892207109,0.0,16.8356505577793,0.00777014151847407,0.324362020026941,0.0644819948070382,-0.057661350657051,0.0056947045617794,368.0,368
ZTF20abxjefm,0.0783186379309301,0.0,18.2085761332937,0.0292149525500693,0.616390038144525,0.252934605752628,0.0850088077870603,0.0239609199561041,194.0,194
ZTF20abyfgri,0.063810023986804,0.0,17.9688909935001,0.0546404717410185,0.206348591165265,0.195814435402014,-0.0690993189485737,0.0396566093587589,123.0,123
ZTF20abypkpz,0.0583677621297516,0.0,18.3923343778094,0.0426013483962043,-0.762741631604674,0.341132400187532,0.0407852492816138,0.0413071991877246,86.0,86
ZTF20abyqdyg,0.0971062329376449,0.0,18.8268535035814,0.0222837066466744,1.34643861559306,0.250433373382012,-0.0110752519229938,0.0211258622516397,217.0,217
ZTF20abyskia,0.0788985221761152,0.0,18.3203976689588,0.0114179049634208,0.283378592672176,0.143802181249587,-0.0441565903180179,0.0115674654906487,106.0,106
ZTF20abywspv,0.0943848897659772,0.0,18.5579429694698,0.019820041905865,0.774549627426675,0.258390078388151,-0.121374452323941,0.0176663988792213,98.0,98
ZTF20abyxuky,0.0841341951004773,0.0,18.8617702525627,0.036159225776709,-0.390107643458915,0.351488614767822,0.0523864026303361,0.0292885265150354,82.0,82
ZTF20abyyfmw,0.0251706121353483,0.0,16.4799484745738,0.02300453170024,0.301547812201567,0.204038246966415,0.111892159949685,0.019317521733359,121.044,102
ZTF20abzvxyk,0.0893997424964556,0.0,18.9247333791483,0.0133827970694651,0.319622249385249,0.118273714049633,0.12598889889876,0.0100530383158816,501.0,501
ZTF20acajvrj,0.0693905392183964,0.0,18.8501394482831,0.034612872145895,-0.892889209938916,0.228932494088994,0.230418476254125,0.0260033252510783,97.0,97
ZTF20acberfr,0.0949978677347851,0.0,19.3045677084889,0.0235579357850596,0.525075135379326,0.219481819073101,0.23924122355209,0.019102254844051,361.0,361
ZTF20acbttnt,0.092188033833995,0.0,18.6230927587157,0.0137974456171192,0.618888198477885,0.146339345040079,-0.0563352352277027,0.0116113079358662,130.0,130
ZTF20acchxpm,0.076725528850791,0.0,18.5007977619746,0.0325102039724103,-0.0359290800402691,0.232185548131788,-0.000915132368922821,0.0250299464861003,192.0,192
ZTF20acfasbq,0.0393479428886112,0.0,17.2294708988481,0.0220460899469784,-2.14068528917033,0.155978904527899,0.011657471196726,0.019399760484547,555.0,555
ZTF20acfnuee,0.0597721195490697,0.0,18.1061054511754,0.0393539602597264,-1.82675044899137,0.283154906541871,-0.0124346545667017,0.0342240334500006,75.0,75
ZTF20acgpqqr,0.0595448393351836,0.0,17.969900867523,0.0239253319064576,0.414457471080944,0.29850681903308,-0.0110259433972383,0.02297773339681,109.0,109
ZTF20achbkud,0.0840364328838658,0.0,18.8112526863084,0.0122038531471341,0.442787722010177,0.163038787887045,0.07735030424743,0.0112603389416377,258.0,258
ZTF20achksbc,0.0758353010862662,0.0,18.5045389371527,0.0132873717005977,0.161090110698094,0.182589054854472,-0.0213463347557715,0.013214276572276,112.0,112
ZTF20achncxi,0.0888374659620854,0.0,18.9705845863449,0.0159799943292213,0.0148318762920582,0.216894450113176,-0.00622234214639937,0.0163170701759178,355.0,355
ZTF20aciaxil,0.0665151454613399,0.0,18.9431537303006,0.0240727054869868,-1.62020316812568,0.310185593483732,0.070713476604582,0.0257831583770021,103.0,103
ZTF20acikuon,0.0238432863654553,0.0,16.1162156163725,0.0174691897271329,-1.39396269035614,0.0762152588115816,0.104257980845793,0.01364792589235,161.0,161
ZTF20acizliy,0.0427013803232394,0.0,17.0636353300015,0.0241928887857523,0.611219115563224,0.17960748898432,0.0211818035042884,0.0197013812578901,83.0,83
ZTF20acjetyf,0.0329209229600007,0.0,17.6903208482619,0.0354831678944195,0.466538950690376,0.20004061733191,0.289216203993536,0.0252149838644962,209.0,209
ZTF20aclgnds,0.0845348869428945,0.0,19.2007088357184,0.0326310445146333,0.10587427216216,0.267354526269661,0.111945848908474,0.0270084690612957,70.0,70
ZTF20acoaqpm,0.0768949669971142,0.0,18.3188585782142,0.0437993990925106,-0.899240290515622,0.436023762240491,-0.0661315665211818,0.0331223525118869,32.0,32
ZTF20acobxlz,0.0916905066953133,0.0,18.9032820851893,0.014378911453499,0.502094986882984,0.15401032912451,0.0306835167416236,0.0119515064654617,377.0,377
ZTF20acordqz,0.0410078723020451,0.0,18.6469978924064,0.0435153970125818,-0.530876770408346,0.380460500905102,0.473803731230225,0.0343506265382902,80.0,80
ZTF20acowata,0.0783260910061376,0.0,18.524737466185,0.0123703404592035,0.392012072002495,0.130136885149632,-0.026103863383001,0.012067355969931,318.0,318
ZTF20acowpur,0.0660681767108948,0.0,18.2329157504714,0.0154518359846269,-0.186042814989351,0.262698823447207,-0.000915195856960938,0.0152885282026178,88.0,88
ZTF20acowuix,0.0856758459018253,0.0,18.6663312811112,0.0266693616000138,0.681356996999086,0.362893308123706,0.00242986372102354,0.0284317003213196,91.0,91
ZTF20acoxdas,0.09552545147005,0.0,18.343500222355,0.0495287922240006,1.63491893206986,0.648985442680904,-0.0122041748220948,0.0502260875487001,79.0001,79
ZTF20acoxmsr,0.0781529101357527,0.0,18.3402833045283,0.0300337466804432,0.538429905318339,0.349236577595528,-0.0147636032370992,0.0286029940222853,122.0,122
ZTF20acoyvdg,0.087467910541968,0.0,18.8279086610575,0.0339527203282695,0.741493359949434,0.345009390774565,0.0842394996309266,0.0306387844773655,107.0,107
ZTF20acpkjsn,0.0519884527510728,0.0,18.0742372013658,0.00856328788340971,-1.5583261759832,0.0798718304516067,-0.0187705288683239,0.00751666765762553,310.0,310
ZTF20acpknjk,0.0474048343297249,0.0,17.3900100309347,0.0281515978552821,-0.805630913224543,0.154869051923581,0.063366501064761,0.0234060335073014,78.8734,66
ZTF20acpumut,0.0804695283558178,0.0,18.7526404384243,0.0388970788889917,0.198626400268763,0.328941895269591,-0.0747426827625406,0.0358299032327313,318.0,318
ZTF20acquetr,0.0311187037195071,0.0,18.4423832901409,0.0562520605375153,-2.75888480057714,0.473055766801189,0.38471793029998,0.0473721489438556,62.0,62
ZTF20acqzjqz,0.0263482726957374,0.0,15.9450037939748,0.0121056599876946,-0.0531956658638549,0.0900724901876278,-0.0566512761079196,0.0100509996436423,203.0,203
ZTF20acqzpta,0.071410343766926,0.0,18.5685442531607,0.0173940880933771,-2.48942510806975,0.104744271651422,0.0931147196145493,0.0150146897283633,227.0,227
ZTF20acrhrcy,0.0929406856435703,0.0,19.0572215322951,0.0188508009066355,-1.06907605509403,0.136059187027022,0.0067612714109648,0.016957625951299,331.0,331
ZTF20acsdykp,0.0917126096005381,0.0,18.9507445349882,0.0350192866853251,0.394767448251154,0.260370392863176,-0.0110212528470563,0.0271231486710097,188.0,188
ZTF20acselme,0.0418707258746955,0.0,17.155099888195,0.0655233350660833,-1.39469963556154,0.656438345171793,-0.0493364410435853,0.0619701126015573,136.0,136
ZTF20acsesce,0.0527565681149717,0.0,18.7861100021061,0.0497780866345772,-0.537869649943984,0.212892020835337,0.481754472000865,0.0348893504321722,174.0,174
ZTF20acuimtq,0.0669294812687003,0.0,18.2282435531427,0.0338077745596465,-0.35669272252455,0.263642616719599,-0.0504255488272441,0.0284513034066576,112.0,112
ZTF20aculruc,0.0742462524432878,0.0,18.3418620959111,0.0278112527304695,-0.738407598184319,0.327806944458564,-0.052505351172571,0.0247506409749092,83.0,83
ZTF20acvagdq,0.035396517923412,0.0,18.167997411857,0.0934744564470035,-0.826537784250163,0.496888334298314,0.463825067661797,0.0674128619096962,135.0,135
ZTF20acvbrbv,0.0471744762428541,0.0,19.1542075521847,0.0579819169095163,-3.741395690098,0.311238504555788,0.319283725641574,0.0464718850693679,123.0,123
ZTF20acvkjrm,0.0907245453107512,0.0,18.7026414104589,0.0280774226451281,1.16176727605996,0.29549017863561,-0.0820671783157542,0.027872913728079,94.9992,95
ZTF20acwfanr,0.0558366371878421,0.0,19.2483368567925,0.0894519032085073,-0.326215599297223,0.287172428892432,0.664779176817,0.0593006587779839,171.001,171
ZTF20acwomqh,0.0685114233313576,0.0,18.4663004266142,0.0441112264941159,0.0707458619390174,0.326668511459347,-0.000150022125831522,0.0340325144487745,139.0,139
ZTF20acxncha,0.046245374600048,0.0,17.1429176150672,0.00552858064972411,0.665341959397466,0.0567759934210964,-0.0829793651963234,0.00563169910184535,162.006,162
ZTF20acxtewc,0.036188257613925,0.0,17.2770281472573,0.0313380749453257,-2.24786700091336,0.149258344732036,-0.0878056837883712,0.0271519333870974,74.0001,74
ZTF20acyrodl,0.0490845397432921,0.0,17.5136395238832,0.0713544033161608,-0.6677510229637,0.356865472435094,0.0646411386967155,0.0496137159326927,91.0,91
ZTF20acywbes,0.0451700402884181,0.0,17.0171830622335,0.0503372713692188,0.427093926109653,0.39827987549789,-0.0257312938909226,0.0417179871419665,126.0,126
ZTF20acywefl,0.0585592995803801,0.0,18.0338359769971,0.0168802911318131,-1.17134918534665,0.11177864887463,0.07012495677738,0.0125462018776561,160.0,160
ZTF20adadmsg,0.0710052244662973,0.0,17.834772409593,0.0377727196375633,3.60777426192485,0.341158541960715,-0.0229026914895074,0.0286212161570104,36.0,36
ZTF20adadshh,0.0245646193585755,0.0,16.828312337221,0.0350989017516962,-0.446584269256497,0.238515446186299,0.233167974652041,0.0273147033742661,122.0,122
ZTF21aaabaey,0.0656988448277209,0.0,18.1278948601713,0.0055339825915394,0.208205483347162,0.0847922835343994,0.0299309182325254,0.0052975495086771,761.0,761
ZTF21aaabviz,0.0602013353351216,0.0,17.809074210595,0.0366455384356121,0.676433419589599,0.340558152862153,-0.0278173452389093,0.0303696604000607,165.0,165
ZTF21aaabvjk,0.01642764182275,0.0,15.07022808401,0.0657326038707862,0.853753906033952,0.514457055337295,0.06692450611458,0.0509071632412659,133.597,138
ZTF21aaabzsj,0.0574299863886604,0.0,18.5210799302584,0.0447211961337638,-0.759918451995358,0.298305726694704,0.177343735519078,0.0301655552911331,109.0,109
ZTF21aaaotku,0.0879478336397037,0.0,18.7073670192558,0.0333106882871657,1.01942705868416,0.400897462678426,-0.0343230647791367,0.0342295883664025,167.0,167
ZTF21aaaoviv,0.0658300842881326,0.0,18.3594114876844,0.0229904838409637,-0.105227085508042,0.203822392294178,-0.00417264351869454,0.0203305902479697,304.0,304
ZTF21aabvdjw,0.0913948567661861,0.0,18.9859558989763,0.015945468343097,-0.0359581000500776,0.175078383892974,0.0150386593302826,0.0163109772823976,301.0,301
ZTF21aacscvb,0.0625928843605625,0.0,18.2227673876546,0.0192720224026722,-0.825345228704453,0.100686036978595,0.0014519925062468,0.0142046649515892,202.0,202
ZTF21aaezixn,0.0392004998965599,0.0,18.9805666351121,0.0979326844105907,-2.56053719564133,0.475205338793125,0.522134092485034,0.0610083686723722,120.0,120
ZTF21aagqcnl,0.0214258105329851,0.0,15.7420849474036,0.0418805980971083,-0.388631762025906,0.226029110742705,0.00568885705751917,0.0278171716805428,413.008,413
ZTF21aagtcgb,0.0375558804534321,0.0,17.6308137510159,0.0491541846863659,0.790891887721833,0.428526695795931,0.187103111282795,0.0370335426496429,182.0,182
ZTF21aagtuzm,0.0415365839696421,0.0,17.088666793443,0.0181330086386276,-0.217710142987252,0.18164084140728,-0.0816178985381645,0.0163846298834964,173.0,173
ZTF21aagvmqr,0.0356403618818569,0.0,17.2627003947382,0.107321707742331,-2.3586497436069,0.464340281001403,0.00657106002250376,0.062791848054664,63.0,63
ZTF21aagycmk,0.079698524644684,0.0,19.150474666191,0.0918145605596101,-0.957995277074129,0.494492549824757,0.209634369045057,0.055256699320969,197.0,197
ZTF21aahvuvi,0.0782718150856198,0.0,18.5440639410089,0.0126308077722184,-0.746579799962838,0.154652374166119,-0.0144466838365925,0.0129077429546797,109.0,109
ZTF21aahzspd,0.112053789790585,0.0,19.0945140186471,0.0167971271387217,0.149590186864545,0.12440208990613,-0.115574913417139,0.0169692319209335,139.0,139
ZTF21aajdbhw,0.0454285287018391,0.0,17.6342057775785,0.0178202316792034,-1.82640955860908,0.151132360129429,-0.00123258372969531,0.0191315652476902,70.0,70
ZTF21aakildf,0.081166896853453,0.0,18.7560840135212,0.0110489819276869,-0.324577627341285,0.106072059580744,-0.00705420380993267,0.0101532576754543,315.0,315
ZTF21aalcsng,0.0535673123293633,0.0,17.5883331406277,0.0362962695411219,-0.694305028252823,0.248019036893991,-0.0617454521808233,0.0290285097782563,198.005,198
ZTF21aalimtr,0.0512316278499841,0.0,18.0299761849501,0.0193632954281785,-1.62234660486393,0.12795551466938,0.070057348553605,0.0152906082613477,223.0,223
ZTF21aaloalc,0.0594,0.0,17.9515364583916,0.0445649878226586,0.302970892747574,0.268039363680737,0.0368821599536942,0.0344438871273279,136.0,136
ZTF21aalxurs,0.0793782536746886,0.0,18.7787812525689,0.0445017007698405,-0.80641398828838,0.298160887622537,-0.119301880371774,0.041555370289908,233.792,232
ZTF21aamesud,0.0368762889519649,0.0,17.1192493698363,0.0507447596160166,-0.898805119923004,3.53324472477476,0.000948486002347564,0.0472213690815816,20.0,20
ZTF21aamgcrv,0.0332890525723379,0.0,16.4678534871933,0.0511792997266574,0.412414449183425,0.274329566541972,-0.00950740014967239,0.034016990190544,246.0,246
ZTF21aamgrtx,0.0443930414352632,0.0,19.2987511185715,0.06346539592873,0.436933743614066,0.265736898818716,0.66143470004841,0.0422491379993455,178.0,178
ZTF21aamgrxm,0.0400844802647598,0.0,19.0203215478255,0.0734242480088318,0.600952383648198,0.619074370517951,0.505121732986901,0.0518502753307667,148.0,148
ZTF21aamuniy,0.0823704126236149,0.0,18.5369656210261,0.0311371139923883,1.05295978240855,0.221198831981815,-0.0151611050130493,0.0243906134394737,194.0,194
ZTF21aantxma,0.0702884979306634,0.0,18.3288100425582,0.0280883512374263,0.873671593746388,0.251939781500753,0.00380410773519733,0.0234028232976679,183.007,183
ZTF21aanwfjk,0.0649836250914734,0.0,18.1031241312845,0.0590547070865528,0.386848135171671,0.419343515356417,-0.04966682028573,0.0398071339988497,154.0,154
ZTF21aaodljj,0.054380109514446,0.0,17.6589412007809,0.0470055161577084,0.514375676800601,0.266128047384995,0.119355565917541,0.0333334150008615,59.0,59
ZTF21aaopqqk,0.0711999731151042,0.0,18.3323614365009,0.0227231893135631,-0.234837076523067,0.185031728643269,-0.0155756102805763,0.0195659256669374,301.0,301
ZTF21aaovdlh,0.0537925890359467,0.0,17.932000183224,0.0351817443732367,-0.504468495995068,0.214667214956276,-0.0265812460679104,0.0266961393140421,40.0,40
ZTF21aapehpx,0.036011416602663,0.0,17.3695648254428,0.0287775958682709,-0.788550695229028,0.232355546843175,0.113004405629848,0.0245618980346177,63.9992,64
ZTF21aapjcqb,0.0728269763660796,0.0,18.3619973128807,0.0231756411542762,0.722680369011983,0.239530548283036,-0.040250805317866,0.0210992660045939,104.0,104
ZTF21aapkfjx,0.0346699115386097,0.0,16.836640689384,0.0265930322496696,-0.745077662618755,0.140254902429076,0.00400934489904848,0.0196515242292176,161.0,161
ZTF21aapowty,0.0461558423727346,0.0,17.2784129280906,0.0131169022771029,0.266615322285765,0.153967101696871,-0.0579046202491345,0.0170758042636367,69.0,69
ZTF21aaptouk,0.0950647708362031,0.0,19.3263717639063,0.0607985862251023,0.759443826593047,0.472330071473858,0.200994657081811,0.0437566933516156,234.3,245
ZTF21aapvsxv,0.0320566010269068,0.0,18.2988067879517,0.0341673839611969,-0.70001501384183,0.196975903536309,0.343575742748376,0.0242996385755182,228.0,228
ZTF21aaqvuyf,0.0530742289965152,0.0,18.0345766462705,0.0149921903835015,-1.26509852234892,0.144595006663874,-0.00804959338221055,0.0122504184145746,71.0001,71
ZTF21aaqztcg,0.0576580398861373,0.0,18.3994677095709,0.0268423096828106,0.47548167712552,0.25433122249291,0.12715308836114,0.0225981131180133,275.0,275
ZTF21aarcldd,0.0840749930396603,0.0,18.6739226805696,0.0182997390646277,0.319854856906844,0.194229048974265,-0.0674816030094165,0.0177080205583481,261.0,261
ZTF21aarhzdh,0.0697357567628994,0.0,18.1741418111033,0.00849941785041168,-0.385187956045505,0.101406224593391,-0.0597668778478626,0.00810663324959132,240.0,240
ZTF21aarjczf,0.0622386496417806,0.0,18.48187388791,0.0344007417365968,-0.350050852072273,0.240753284500097,0.177652617078779,0.0258714528131388,325.0,325
ZTF21aarojxa,0.0887136911518746,0.0,19.2579888815743,0.0332850061485704,-0.285353717586202,0.212706770590887,0.228906249934508,0.024814673975973,192.0,192
ZTF21aarrplo,0.0461601429163828,0.0,17.4629300460049,0.0217989578901913,0.0409947975611736,0.117424141864194,-0.0103136225277411,0.0162428758036481,180.0,180
ZTF21aarrwdu,0.0322199523422476,0.0,20.2620980255141,0.0691521783114379,-3.35138762432922,0.257016051722644,0.927569752122575,0.048089274585108,188.0,188
ZTF21aasctwo,0.0690865420884284,0.0,18.5739498886565,0.0322056293357574,-1.9687245596723,0.275680076759862,0.0258241845983993,0.0284894127232805,124.0,124
ZTF21aasgffc,0.0743632076883053,0.0,17.8042659201297,0.0138561064648189,0.793755237992185,0.133557290744043,-0.111914751297627,0.0115328239657657,194.0,194
ZTF21aastazz,0.0557198194557434,0.0,17.8317589086774,0.0177718766109593,0.762581216048152,0.153059187286873,0.0678766579977643,0.0141441558244067,69.0,69
ZTF21aaswtok,0.040987229711646,0.0,17.3591485584115,0.0319374501256729,-0.253636624322708,0.14772503656328,0.0963563484918264,0.0228889330857183,135.556,139
ZTF21aasyzkt,0.057537854203688,0.0,18.5142242348409,0.0321727500771482,0.625283298917709,0.194474243789424,0.162491107577494,0.0219977990979131,115.0,115
ZTF21aatdzmt,0.0745559401971549,0.0,18.1189279282459,0.0175315405398114,0.626325855448749,0.123340424927644,-0.0620988558973203,0.0131243855769413,413.0,413
ZTF21aatklhw,0.0668740017719525,0.0,18.9442092497523,0.0178062584019473,-2.38052523787386,0.096638319636686,0.109247432037818,0.014791007333083,298.0,298
ZTF21aauamtx,0.0889036848709308,0.0,18.6453911644073,0.0227447721594974,1.07481311048225,0.2005711973509,-0.0469498218094984,0.0181242164362024,135.0,135
ZTF21aavhlok,0.110640667625516,0.0,18.7424860854458,0.0823210234927623,-3.18623950405451,0.272411997151487,0.00439774312324444,0.0687185165605655,182.0,182
ZTF21aavotzn,0.0444227784201267,0.0,19.99979534734,0.0692026326275825,0.591522704736867,0.364660144382858,1.07632227790141,0.043903641650582,242.0,242
ZTF21aawiwqh,0.0632841057226476,0.0,18.6153965671067,0.052694441807616,-1.13718662551133,0.320801274546809,0.0961353544922158,0.0436761447228138,234.0,234
ZTF21aawtewf,0.103641016914388,0.0,18.8791845418406,0.0190670892561764,0.283651183086751,0.161810358463256,-0.106104964929369,0.0160796323675376,160.003,160
ZTF21aaxgzln,0.0275779489735937,0.0,16.4740564745903,0.0163828740084985,-1.11914279142166,0.215776817616076,-0.0164746353879279,0.0156721087666773,83.0,83
ZTF21aaxyecd,0.0612482625153092,0.0,18.3095724312017,0.0150461412894981,-0.405654872279184,0.149046065686832,0.127295893088565,0.0149634861701624,114.0,114
ZTF21aaxzbrn,0.0710162969668096,0.0,18.7558875634482,0.026216585535959,2.20848383237074,0.229010989561444,0.0978218920569762,0.0199309804062915,311.011,311
ZTF21aayggyo,0.0873905422622714,0.0,19.287110859811,0.0380913980639409,-0.733985473998478,0.379899641134507,0.233546904242826,0.037363959554439,83.0,83
ZTF21aayquba,0.0871497617533569,0.0,18.5478255145851,0.0126948692794896,0.717386096138749,0.109929338640215,-0.165325550324841,0.0102304360980774,253.0,253
ZTF21aayyxum,0.064169687765242,0.0,17.9454762151853,0.0126937843251622,0.072230812725792,0.123986934681402,-0.0286790682634648,0.0103586869398336,90.0001,90
ZTF21aazcjbh,0.0944886830549891,0.0,18.9360259194363,0.0197173703794874,1.11556128469912,0.193683372278461,-0.0287915873726567,0.0152577367620087,168.0,168
ZTF21aazlxiw,0.0960956704562218,0.0,18.8149261661942,0.0190559962806003,0.541400818189081,0.14020409871563,-0.07654276994161,0.0137775785293835,306.0,306
ZTF21abaaipx,0.0705041246536929,0.0,18.418189206809,0.0447929089137335,0.0566194198477244,0.393528637965311,-0.0345117559966875,0.0379715785920244,97.0,97
ZTF21abaphri,0.062485574431092,0.0,18.4937700951456,0.0175158732669055,-1.4238090126559,0.128988444049337,0.0262168716695648,0.0147919486661283,157.0,157
ZTF21abasxdp,0.0721180432936902,0.0,18.5989685008005,0.0170219568877956,-1.52623579073394,0.114314575908955,-0.0418613389143011,0.0144507469926068,200.0,200
ZTF21abbsbov,0.0420614860842499,0.0,17.1015302526154,0.012069786069226,-0.692594312553119,0.0922075820986076,-0.00302704585299691,0.0103795027176244,180.0,180
ZTF21abbzcxe,0.054579443084974,0.0,17.9470064544342,0.0135783656650637,-1.95263087404723,0.108159202616978,-0.0406583386715717,0.0132880569289576,104.0,104
ZTF21abbzqvv,0.0718470523811629,0.0,18.1093515037354,0.0105023774869883,0.828925225715695,0.124879049993789,-0.0688760418555397,0.0099197271988412,379.0,379
ZTF21abcbwke,0.0236094732841543,0.0,16.5190176154571,0.0513533785019318,-2.06509691381742,0.197612921893179,0.118491954221339,0.0404525619893504,55.0,55
ZTF21abchdql,0.0837506057829525,0.0,19.0283864040546,0.0509469246677055,-0.604786958255554,0.328140478808594,0.152000129726308,0.0391611718565333,242.0,242
ZTF21abcnpnk,0.0918884585031748,0.0,18.9164422255952,0.00929103158420508,-1.37375427893283,0.118031521381401,-0.140582398023492,0.01016668366363,680.0,680
ZTF21abcouxj,0.0622202247844567,0.0,17.9939674590175,0.00857673870464827,0.209745527454872,0.109968675179584,-0.0439398308467358,0.00792715745462225,163.0,163
ZTF21abcrhbt,0.0917615247856633,0.0,18.3753632556506,0.0596780266967359,-5.34279432920925,0.163150589205487,-0.395404996945999,0.0776503169613866,77.999,78
ZTF21abcwsho,0.0741843715289155,0.0,18.6012604726122,0.0211844334890138,-1.35134401542301,0.178549762694301,0.0472265318938653,0.0194463060974042,164.0,164
ZTF21abczjhy,0.0644407305393686,0.0,18.3572382723669,0.00757089859464019,-1.25852134990675,0.0700640232167879,0.0379225466630717,0.00674738205943441,317.0,317
ZTF21abdlyrc,0.0806084631464909,0.0,18.4406178942475,0.0136156102501422,1.18636411272754,0.124427918993452,-0.0283636471895256,0.010837517656801,180.0,180
ZTF21abedvkp,0.138780703423901,0.0,19.3115651610992,0.0206533587474501,0.850951223187024,0.223225043336695,-0.00484479305403846,0.0178819493330738,125.0,125
ZTF21abfjrjy,0.074099438162469,0.0,18.6629144435017,0.0249418706857744,-1.42703689344514,0.168809687513763,0.0360821494992916,0.0232166097775338,161.0,161
ZTF21abflgpq,0.0509580777448498,0.0,18.4848762569093,0.0421291561225473,-1.24391091839546,0.258952005573175,0.301614500011825,0.0308840534509836,118.0,118
ZTF21abfxjik,0.0838920986847822,0.0,18.8420921448634,0.0744762331122159,0.454962485717705,0.463726826714505,0.0230938677394612,0.0511021838461648,106.0,106
ZTF21abhtaiv,0.0726682552488447,0.0,18.5239189360305,0.0333663098298011,-1.29705346015928,0.318341266407518,0.00217439182743555,0.0290615872591351,129.0,129
ZTF21abhthvj,0.0694492343116543,0.0,18.2749052849172,0.0509834594273606,-0.639311111614355,0.401199236005556,0.0519917836892377,0.0460487948431784,82.0001,82
ZTF21abiawpf,0.0647067708302195,0.0,18.1344457501333,0.0201859281421466,0.648668579973819,0.255286130242616,-0.0163467851052697,0.0178054051405413,139.0,139
ZTF21abicabp,0.0729326669451471,0.0,18.8858126968753,0.0255186394161699,-1.42974009302791,0.243288348175031,0.0132565345558346,0.0217469498087106,112.0,112
ZTF21abienbe,0.0282671244199283,0.0,17.9786978785098,0.0451630009590769,-0.536856668851873,0.277068952269214,0.663743811427002,0.0330226940378472,63.0,63
ZTF21abifxhe,0.0691374841729622,0.0,18.5705475259653,0.0121772388322854,-1.29601129360772,0.11262440341403,-0.0240203326848068,0.0103908889300525,100.0,100
ZTF21abufayv,0.0816287556674253,0.0,18.6279823334321,0.0169267210597631,0.717702805266735,0.174047911843781,0.00737427443689662,0.0137596520814348,309.0,309
ZTF21abujefa,0.089321387596025,0.0,18.5119304452843,0.00776908521069934,1.14934838293637,0.123128817272147,-0.0412283094491651,0.00740844649305809,209.0,209
ZTF21abukrln,0.0773575096300922,0.0,18.3529581781536,0.0198975266782394,1.10554455733382,0.264761577106195,-0.00459084383450454,0.0182585799005841,97.0,97
ZTF21abulrsl,0.0476084301861085,0.0,18.8456583054084,0.0561241180536293,-2.78180396319824,0.227311199056854,0.401611794002145,0.0339063565533719,191.0,191
ZTF21abvbihc,0.0503772655755572,0.0,19.1957604513945,0.0493213260659188,-2.56772814336409,0.36534648631147,0.453980647717989,0.0358088231181519,84.0,84
ZTF21abvrlup,0.0909909741992081,0.0,19.0780930812595,0.0291311713376727,0.307864410938639,0.403210214661923,0.0758374253471384,0.0276636001027748,71.0,71
ZTF21abvxguf,0.0749911841542668,0.0,18.6820730980972,0.031920577467142,0.875618911213695,0.441199963431808,0.125707676282642,0.0280014046492926,45.0,45
ZTF21abwprfg,0.0809806567352548,0.0,18.5319226947328,0.0208054713729789,0.829890775710295,0.261808262035128,-0.0967178900423251,0.0200130480275319,74.0,74
ZTF21abwtnzp,0.0588896976461139,0.0,18.4758591717937,0.0294300397875784,-0.237915119336186,0.244781183226969,0.164685845054401,0.0246823935265021,53.0,53
ZTF21abwzpgf,0.0375111391994755,0.0,17.2259751105456,0.0303615701660495,-1.72299544138861,0.207137493834107,-0.0120842346957721,0.0227929827053305,78.0,78
ZTF21abxzzys,0.0989806945462081,0.0,18.7651921193949,0.0204181704727415,0.800107507359744,0.22294043916531,0.0373936135770219,0.0170775478297462,93.0,93
ZTF21abybnni,0.0748858461804845,0.0,18.6444694052503,0.0658290874404733,2.10018870621419,0.770176038407056,0.0603524297040769,0.0459991775947641,66.0,66
ZTF21abylukk,0.0769526812285272,0.0,18.4716394411837,0.0495415090511078,-1.51579629362451,0.320162210427059,-0.0271506457893555,0.0445221937358109,55.0001,55
ZTF21abyvjeq,0.0955250114597791,0.0,18.8201472278053,0.117735626567018,-0.758829987113674,1.00913681597795,-0.277285293024235,0.115587432720257,47.0,47
ZTF21abywdxt,0.0712632934620405,0.0,18.3705935816221,0.023047470920983,-1.48563194218307,0.155904156676816,-0.0736015300208346,0.0201844769809113,72.0,72
ZTF21abzxkyv,0.08573182617529,0.0,18.5526582529194,0.02188186562831,1.43310995629877,0.212083466932864,0.043989889780402,0.0171108418720475,73.0,73
ZTF21abzywja,0.0842073725679587,0.0,18.7937239637415,0.0151272822495855,-1.55008773180858,0.152535854983796,-0.0606704792262827,0.014853854812675,118.0,118
ZTF21acasrer,0.0671874302983576,0.0,18.4703935419841,0.0211008180407604,-0.735411502864853,0.161036991717917,0.0800305018222638,0.0155613602892442,63.0,63
ZTF21acbxtir,0.0274134007920417,0.0,16.4769085725721,0.0252866081000065,0.87196520006816,0.130988014449067,0.0823472541343314,0.015091100705919,138.0,138
ZTF21acclizu,0.0426407120126551,0.0,16.8389064358096,0.00587962590515165,0.604004381944722,0.0656648204433927,-0.0999320012317159,0.00631026484416434,49.0001,49
ZTF21accteto,0.0931265653203582,0.0,18.9072793613686,0.0261009625977499,-0.664652129251481,0.201856253282259,-0.0826338443487077,0.0222901848925716,59.0,59
ZTF21acdwvwo,0.0328076268620541,0.0,17.0703825824663,0.0113380853930396,-1.32936299642946,0.0626392811003922,0.00490328095251767,0.00821136438629277,50.0,50
ZTF21acenkuf,0.0122897302789728,0.0,18.3752341069992,0.0881540701105342,0.838536307234958,0.260471023449221,1.10590781974217,0.0505731606128391,51.0,51
ZTF21acfiqtd,0.082454230065832,0.0,18.8620346587966,0.0118300911535682,-1.80871663108465,0.112115443624225,0.00824689258627912,0.0114271005243106,131.0,131
ZTF21acfslmr,0.069971955658691,0.0,18.4188451015011,0.0384622155360563,-0.835996074993087,0.181783445252091,0.0351204910852084,0.0270517205794648,82.0,82
ZTF21achiyue,0.0828172907056014,0.0,18.5972360127219,0.0405924173901616,1.58997742139352,0.362890091592623,-0.0594907714543847,0.0273227410055914,51.0001,51
ZTF21achjwus,0.0522206877150236,0.0,18.4465565181176,0.0390474839292841,-2.83880605725583,0.181598101974291,0.151030000333336,0.0287252416354018,28.0,28
ZTF21acimjvp,0.0441615221619119,0.0,17.4728198610341,0.0104259183008523,-1.97122634664257,0.116872452780109,-0.0110878732369506,0.00824413092752592,40.0,40
ZTF21acincqb,0.0180270838062982,0.0,16.4203620052282,0.0510425634524763,-2.66994644279164,0.433631741322083,0.192848825702544,0.036880788551803,34.0,34
ZTF21acindcq,0.0303769963022585,0.0,16.2635317650929,0.00517592751869962,0.35577081672413,0.0838273801864318,-0.0649049684581213,0.00456937149477523,119.0,119
ZTF21acinvvh,0.0752056315068122,0.0,18.6482412031229,0.0172338007550837,-1.05850208399979,0.219987367872226,-0.00199062728563948,0.0152662340343559,90.0,90
ZTF21acipofv,0.0581412334952311,0.0,18.4075346188394,0.0674595524333276,-1.39160851134089,0.508066376835838,0.0530427483894511,0.0497383854576414,16.0,16
ZTF21acisemu,0.0451771148988075,0.0,18.1696655787978,0.0361851938317734,-1.71298401333253,0.429466462080448,0.190950076110563,0.0258462069525802,32.0001,32
ZTF21aciuhyy,0.0906380886299017,0.0,18.8926186535015,0.00748040872197935,0.677588749170392,0.184805600446281,0.0318526211645925,0.00801253626095752,210.0,210
ZTF21acjcwyn,0.0921278385428386,0.0,18.6641257545559,0.0250344624270158,2.2533581954108,0.7606418610825,-0.0437926595601613,0.0241366195009507,27.0,27
ZTF21acjgafq,0.0496345276242577,0.0,19.669355990686,0.087804980945251,1.26493187596116,0.716098397382639,0.772287104019796,0.0591406694869464,27.0,27
ZTF21acjotip,0.0791416326226644,0.0,18.2928824209688,0.0102563188160566,0.153829378939144,0.184694439617966,-0.0893388650499113,0.00928945326632653,56.0,56
ZTF21acmresp,0.0680703297414061,0.0,18.3053259250436,0.0307487275266474,-0.542247703962181,0.335327331773557,-0.0898570268100941,0.0340017724808704,19.0,19
